{
  "Comment": "A description of my state machine",
  "StartAt": "masterparallel",
  "States": {
    "masterparallel": {
      "Type": "Parallel",
      "Branches": [
        {
          "StartAt": "Parallel1",
          "States": {
            "Parallel1": {
              "Type": "Parallel",
              "Branches": [
                {
                  "StartAt": "IngestOrdersData",
                  "States": {
                    "IngestOrdersData": {
                      "Type": "Task",
                      "Resource": "arn:aws:states:::glue:startJobRun.sync",
                      "Parameters": {
                        "JobName": "jdbcdataingestion",
                        "Arguments": {
                          "--cdb": "dojodb",
                          "--ctbl": "dev_public_orders",
                          "--dest": "s3://my-demo-datalake/orders/",
                          "--extra-py-files": "s3://my-demo-datalake/tranformations/orders/mytransformation.zip"
                        }
                      },
                      "End": true
                    }
                  }
                },
                {
                  "StartAt": "IngestCustomersData",
                  "States": {
                    "IngestCustomersData": {
                      "Type": "Task",
                      "Resource": "arn:aws:states:::glue:startJobRun.sync",
                      "Parameters": {
                        "JobName": "jdbcdataingestion",
                        "Arguments": {
                          "--cdb": "dojodb",
                          "--ctbl": "dev_public_customers",
                          "--dest": "s3://my-demo-datalake/customers/",
                          "--extra-py-files": "s3://my-demo-datalake/tranformations/customers/mytransformation.zip"
                        }
                      },
                      "End": true
                    }
                  }
                }
              ],
              "End": true
            }
          }
        },
        {
          "StartAt": "Parallel2",
          "States": {
            "Parallel2": {
              "Type": "Parallel",
              "End": true,
              "Branches": [
                {
                  "StartAt": "IngestCustomerProfileData",
                  "States": {
                    "IngestCustomerProfileData": {
                      "Type": "Task",
                      "Resource": "arn:aws:states:::glue:startJobRun.sync",
                      "Parameters": {
                        "JobName": "jdbcdataingestion",
                        "Arguments": {
                          "--cdb": "dojodb",
                          "--ctbl": "dev_public_customerprofile",
                          "--dest": "s3://my-demo-datalake/customerprofile/",
                          "--extra-py-files": "s3://my-demo-datalake/tranformations/customerprofile/mytransformation.zip"
                        }
                      },
                      "End": true
                    }
                  }
                },
                {
                  "StartAt": "IngestSensorData",
                  "States": {
                    "IngestSensorData": {
                      "Type": "Task",
                      "Resource": "arn:aws:states:::glue:startJobRun.sync",
                      "Parameters": {
                        "JobName": "jdbcdataingestion",
                        "Arguments": {
                          "--cdb": "dojodb",
                          "--ctbl": "dev_public_sensordata",
                          "--dest": "s3://my-demo-datalake/sensordata/",
                          "--extra-py-files": "s3://my-demo-datalake/tranformations/sensordata/mytransformation.zip"
                        }
                      },
                      "End": true
                    }
                  }
                }
              ]
            }
          }
        }
      ],
      "End": true
    }
  }
}