{
  "Comment": "A description of my state machine",
  "StartAt": "ExecStatement1",
  "States": {
    "ExecStatement1": {
      "Type": "Task",
      "Resource": "arn:aws:states:::lambda:invoke",
      "OutputPath": "$.Payload",
      "Parameters": {
        "FunctionName": "arn:aws:lambda:eu-west-1:<ACCOUNT_NUMBER>:function:execspfunction:$LATEST",
        "Payload": {
          "sql": "call fillordersummary();"
        }
      },
      "Retry": [
        {
          "ErrorEquals": [
            "Lambda.ServiceException",
            "Lambda.AWSLambdaException",
            "Lambda.SdkClientException"
          ],
          "IntervalSeconds": 2,
          "MaxAttempts": 6,
          "BackoffRate": 2
        }
      ],
      "Next": "CheckStatement1"
    },
    "CheckStatement1": {
      "Type": "Task",
      "Resource": "arn:aws:states:::lambda:invoke",
      "OutputPath": "$.Payload",
      "Parameters": {
        "Payload.$": "$",
        "FunctionName": "arn:aws:lambda:eu-west-1:<ACCOUNT_NUMBER>:function:getrsspstatusfunction:$LATEST"
      },
      "Retry": [
        {
          "ErrorEquals": [
            "Lambda.ServiceException",
            "Lambda.AWSLambdaException",
            "Lambda.SdkClientException"
          ],
          "IntervalSeconds": 2,
          "MaxAttempts": 6,
          "BackoffRate": 2
        }
      ],
      "Next": "choicestatement1"
    },
    "choicestatement1": {
      "Type": "Choice",
      "Choices": [
        {
          "Not": {
            "Variable": "$.statementStatus",
            "StringEquals": "FINISHED"
          },
          "Next": "Wait"
        }
      ],
      "Default": "ExecStatement2"
    },
    "Wait": {
      "Type": "Wait",
      "Seconds": 2,
      "Next": "CheckStatement1"
    },
    "ExecStatement2": {
      "Type": "Task",
      "Resource": "arn:aws:states:::lambda:invoke",
      "OutputPath": "$.Payload",
      "Parameters": {
        "FunctionName": "arn:aws:lambda:eu-west-1:<ACCOUNT_NUMBER>:function:execspfunction:$LATEST",
        "Payload": {
          "sql": "call fillproductsummary();"
        }
      },
      "Retry": [
        {
          "ErrorEquals": [
            "Lambda.ServiceException",
            "Lambda.AWSLambdaException",
            "Lambda.SdkClientException"
          ],
          "IntervalSeconds": 2,
          "MaxAttempts": 6,
          "BackoffRate": 2
        }
      ],
      "Next": "CheckStatement2"
    },
    "CheckStatement2": {
      "Type": "Task",
      "Resource": "arn:aws:states:::lambda:invoke",
      "OutputPath": "$.Payload",
      "Parameters": {
        "Payload.$": "$",
        "FunctionName": "arn:aws:lambda:eu-west-1:<ACCOUNT_NUMBER>:function:getrsspstatusfunction:$LATEST"
      },
      "Retry": [
        {
          "ErrorEquals": [
            "Lambda.ServiceException",
            "Lambda.AWSLambdaException",
            "Lambda.SdkClientException"
          ],
          "IntervalSeconds": 2,
          "MaxAttempts": 6,
          "BackoffRate": 2
        }
      ],
      "Next": "Choice"
    },
    "Choice": {
      "Type": "Choice",
      "Choices": [
        {
          "Not": {
            "Variable": "$.statementStatus",
            "StringEquals": "FINISHED"
          },
          "Next": "Wait (1)"
        }
      ],
      "Default": "ExecStatement3"
    },
    "Wait (1)": {
      "Type": "Wait",
      "Seconds": 2,
      "Next": "CheckStatement2"
    },
    "ExecStatement3": {
      "Type": "Task",
      "Resource": "arn:aws:states:::lambda:invoke",
      "OutputPath": "$.Payload",
      "Parameters": {
        "FunctionName": "arn:aws:lambda:eu-west-1:<ACCOUNT_NUMBER>:function:execspfunction:$LATEST",
        "Payload": {
          "sql": "call fillproductquantitysummary();"
        }
      },
      "Retry": [
        {
          "ErrorEquals": [
            "Lambda.ServiceException",
            "Lambda.AWSLambdaException",
            "Lambda.SdkClientException"
          ],
          "IntervalSeconds": 2,
          "MaxAttempts": 6,
          "BackoffRate": 2
        }
      ],
      "End": true
    }
  }
}